ID,First Name,Last Name,Email Address,Phone Number,Birthday
1,Pablo,Castaneda,pablo.1.gmail.com,1111111111,1997-12-31
2,David,Cerritos,david.1.gmail.com,2222222222,1995-12-30
3,David,Barredo,david.2.gmail.com,3333333333,1985-05-25
4,Pablo,Castaneda,pablo.1.gmail.com,1111111111,1997-12-31
5,David,Cerritos,david.1.gmail.com,2222222222,1995-12-30
6,David,Barredo,david.2.gmail.com,3333333333,1985-05-25
7,Pablo,Castaneda,pablo.1.gmail.com,1111111111,1997-12-31
8,David,Cerritos,david.1.gmail.com,2222222222,1995-12-30
9,David,Barredo,david.2.gmail.com,3333333333,1985-05-25
